Workbook
Name Rearchitect: tblRearchitect[Re-Architect]
Name Rehost: tblRehost[Rehost]
Name Replace: tblReplace[Replace]
Name Replatform: tblReplatform[Replatform/Refactor]
Name ResolvedNameList: INDIRECT( VLOOKUP( INDEX('App-to-Server List'!$E:$E,ROW()), Lookups!$J$1:$K$7, 2, FALSE ) )
Name SixRs: Lookups!$A$1:$F$1

Sheet Read Me
G2: Version: | H2: 4.13
G3: Last Update | H3: 45919
B5: Purpose
B6: Use this workbook to bulk upload your known Application & Server associations from your existing CMDB - it does not have to be 100% complete for Dr Migrate to provide insights (accuracy is preferred), although the more mappings the better. Dr Migrate will use this information to map and present insights automatically in the Digital Estate Report. Note - you can also use Dr Migrate's Web UI after bulk uploads to edit applications and change server assignments.
B7: If you don't have an existing CMDB, use Auto-Discovery wizard in Dr Migrate to upload a list of known application names. Dr Migrate's Auto-Discovery feature will then determine application to server mappings for unassociated servers for you, where possible.
B9: IMPORTANT
B10: Do not add any additional columns to the Server List tab. This template needs to remain unaltered in order to be ingested by Dr Migrate.
B13: Start
B14: 1. Review the online documentation for how to best fill out this template here
B15: 2. Fill in the Server List tab with as much information as you can.
B16: 3. Upload completed artefact back into Dr Migrate.

Sheet App-to-Server List
A1: See here for detailed guidance on how to best complete this template
A2: Auto-Populated | B2: Provide the following information where known | H2: Information Only
B3: DROP DOWN LIST | C3: FREE FORM TEXT | D3: DROP DOWN LIST | E3: DROP DOWN LIST | F3: DROP DOWN LIST | G3: FREE FORM TEXT
A4: Server | B4: Assessment Scope | C4: Application Name | D4: Environment | E4: Treatment (optional) | F4: Solution (optional) | G4: Other Solution - if applicable (optional) | H4: Power Status | I4: Operating System | J4: Data Center | K4: SQL Detected | L4: VMWare Description
A5: CIC | B5: In Scope | C5: Potential_App_034 | D5: TBA | E5: Rehost | F5: Azure VM (IaaS) | H5: Unknown | I5: Microsoft Windows 10 (64-bit) | J5: Unknown | K5: No | N5: =IF(OR(ISBLANK(E5),AND(NOT(ISBLANK(E5)),ISBLANK(F5))),FALSE,ISNA(INDEX(Lookups!$A$2:'Lookups'!$D$200, MATCH(F5, INDEX(Lookups!$A$2:'Lookups'!$D$200, , MATCH(IF(E5="Replatform","Replatform/Refactor",IF(E5="Rearchitect","Re-Architect",E5)),Lookups!$A$1:'Lookups'!$D$1, 0)), 0), MATCH(IF(E5="Replatform","Replatform/Refactor",IF(E5="Rearchitect","Re-Architect",E5)), Lookups!$A$1:'Lookups'!$D$1, 0))))
A6: INSCCM03 | B6: Out of Scope | C6: SCCM | D6: Prod | H6: Unknown | I6: Microsoft Windows Server 2016 Datacenter | J6: Unknown | K6: No | N6: =IF(OR(ISBLANK(E6),AND(NOT(ISBLANK(E6)),ISBLANK(F6))),FALSE,ISNA(INDEX(Lookups!$A$2:'Lookups'!$D$200, MATCH(F6, INDEX(Lookups!$A$2:'Lookups'!$D$200, , MATCH(IF(E6="Replatform","Replatform/Refactor",IF(E6="Rearchitect","Re-Architect",E6)),Lookups!$A$1:'Lookups'!$D$1, 0)), 0), MATCH(IF(E6="Replatform","Replatform/Refactor",IF(E6="Rearchitect","Re-Architect",E6)), Lookups!$A$1:'Lookups'!$D$1, 0))))
A7: NCtest01 | B7: In Scope | C7: Unassociated Servers | D7: Unknown | E7: Rehost | F7: Azure VM (IaaS) | H7: Unknown | I7: Microsoft Windows Server 2012 Datacenter | J7: Unknown | K7: No | N7: =IF(OR(ISBLANK(E7),AND(NOT(ISBLANK(E7)),ISBLANK(F7))),FALSE,ISNA(INDEX(Lookups!$A$2:'Lookups'!$D$200, MATCH(F7, INDEX(Lookups!$A$2:'Lookups'!$D$200, , MATCH(IF(E7="Replatform","Replatform/Refactor",IF(E7="Rearchitect","Re-Architect",E7)),Lookups!$A$1:'Lookups'!$D$1, 0)), 0), MATCH(IF(E7="Replatform","Replatform/Refactor",IF(E7="Rearchitect","Re-Architect",E7)), Lookups!$A$1:'Lookups'!$D$1, 0))))
A8: Server name 11 | B8: In Scope | C8: Unassociated Servers | D8: Unknown | E8: Rehost | F8: Azure VM (IaaS) | H8: Unknown | I8: Microsoft Windows 2000 Server (32-bit) | J8: Unknown | K8: No | N8: =IF(OR(ISBLANK(E8),AND(NOT(ISBLANK(E8)),ISBLANK(F8))),FALSE,ISNA(INDEX(Lookups!$A$2:'Lookups'!$D$200, MATCH(F8, INDEX(Lookups!$A$2:'Lookups'!$D$200, , MATCH(IF(E8="Replatform","Replatform/Refactor",IF(E8="Rearchitect","Re-Architect",E8)),Lookups!$A$1:'Lookups'!$D$1, 0)), 0), MATCH(IF(E8="Replatform","Replatform/Refactor",IF(E8="Rearchitect","Re-Architect",E8)), Lookups!$A$1:'Lookups'!$D$1, 0))))
A9: VM_0 | B9: In Scope | C9: SCCM | D9: Prod | E9: Replatform/Refactor | F9: Azure App Service | H9: On | I9: Microsoft Windows Server 2016 or later (64-bit) | J9: HQ | K9: No | N9: =IF(OR(ISBLANK(E9),AND(NOT(ISBLANK(E9)),ISBLANK(F9))),FALSE,ISNA(INDEX(Lookups!$A$2:'Lookups'!$D$200, MATCH(F9, INDEX(Lookups!$A$2:'Lookups'!$D$200, , MATCH(IF(E9="Replatform","Replatform/Refactor",IF(E9="Rearchitect","Re-Architect",E9)),Lookups!$A$1:'Lookups'!$D$1, 0)), 0), MATCH(IF(E9="Replatform","Replatform/Refactor",IF(E9="Rearchitect","Re-Architect",E9)), Lookups!$A$1:'Lookups'!$D$1, 0))))
A10: VM_1 | B10: In Scope | C10: Active Directory | D10: Prod | E10: Retain | H10: On | I10: Microsoft Windows Server 2012 (64-bit) | J10: HQ | K10: No | N10: =IF(OR(ISBLANK(E10),AND(NOT(ISBLANK(E10)),ISBLANK(F10))),FALSE,ISNA(INDEX(Lookups!$A$2:'Lookups'!$D$200, MATCH(F10, INDEX(Lookups!$A$2:'Lookups'!$D$200, , MATCH(IF(E10="Replatform","Replatform/Refactor",IF(E10="Rearchitect","Re-Architect",E10)),Lookups!$A$1:'Lookups'!$D$1, 0)), 0), MATCH(IF(E10="Replatform","Replatform/Refactor",IF(E10="Rearchitect","Re-Architect",E10)), Lookups!$A$1:'Lookups'!$D$1, 0))))
A11: VM_1 | B11: In Scope | C11: CA API Gateway | D11: Dev | E11: Retain | H11: On | I11: Microsoft Windows Server 2012 (64-bit) | J11: HQ | K11: No | N11: =IF(OR(ISBLANK(E11),AND(NOT(ISBLANK(E11)),ISBLANK(F11))),FALSE,ISNA(INDEX(Lookups!$A$2:'Lookups'!$D$200, MATCH(F11, INDEX(Lookups!$A$2:'Lookups'!$D$200, , MATCH(IF(E11="Replatform","Replatform/Refactor",IF(E11="Rearchitect","Re-Architect",E11)),Lookups!$A$1:'Lookups'!$D$1, 0)), 0), MATCH(IF(E11="Replatform","Replatform/Refactor",IF(E11="Rearchitect","Re-Architect",E11)), Lookups!$A$1:'Lookups'!$D$1, 0))))
A12: VM_10 | B12: In Scope | C12: SCCM | D12: Prod | E12: Rehost | F12: Azure VM (IaaS) | H12: On | I12: Red Hat Enterprise Linux Server | J12: HQ | K12: No | N12: =IF(OR(ISBLANK(E12),AND(NOT(ISBLANK(E12)),ISBLANK(F12))),FALSE,ISNA(INDEX(Lookups!$A$2:'Lookups'!$D$200, MATCH(F12, INDEX(Lookups!$A$2:'Lookups'!$D$200, , MATCH(IF(E12="Replatform","Replatform/Refactor",IF(E12="Rearchitect","Re-Architect",E12)),Lookups!$A$1:'Lookups'!$D$1, 0)), 0), MATCH(IF(E12="Replatform","Replatform/Refactor",IF(E12="Rearchitect","Re-Architect",E12)), Lookups!$A$1:'Lookups'!$D$1, 0))))
A13: VM_10 | B13: In Scope | C13: Cloudera | D13: Dev | E13: Rehost | F13: Azure VM (IaaS) | H13: On | I13: Red Hat Enterprise Linux Server | J13: HQ | K13: No | N13: =IF(OR(ISBLANK(E13),AND(NOT(ISBLANK(E13)),ISBLANK(F13))),FALSE,ISNA(INDEX(Lookups!$A$2:'Lookups'!$D$200, MATCH(F13, INDEX(Lookups!$A$2:'Lookups'!$D$200, , MATCH(IF(E13="Replatform","Replatform/Refactor",IF(E13="Rearchitect","Re-Architect",E13)),Lookups!$A$1:'Lookups'!$D$1, 0)), 0), MATCH(IF(E13="Replatform","Replatform/Refactor",IF(E13="Rearchitect","Re-Architect",E13)), Lookups!$A$1:'Lookups'!$D$1, 0))))
A14: VM_10 | B14: In Scope | C14: APT | D14: Prod | E14: Rehost | F14: Azure VM (IaaS) | H14: On | I14: Red Hat Enterprise Linux Server | J14: HQ | K14: No | N14: =IF(OR(ISBLANK(E14),AND(NOT(ISBLANK(E14)),ISBLANK(F14))),FALSE,ISNA(INDEX(Lookups!$A$2:'Lookups'!$D$200, MATCH(F14, INDEX(Lookups!$A$2:'Lookups'!$D$200, , MATCH(IF(E14="Replatform","Replatform/Refactor",IF(E14="Rearchitect","Re-Architect",E14)),Lookups!$A$1:'Lookups'!$D$1, 0)), 0), MATCH(IF(E14="Replatform","Replatform/Refactor",IF(E14="Rearchitect","Re-Architect",E14)), Lookups!$A$1:'Lookups'!$D$1, 0))))
A15: VM_100 | B15: In Scope | C15: DSF | D15: Dev | E15: Rehost | F15: Azure VM (IaaS) | H15: On | I15: Red Hat Enterprise Linux Server | J15: HQ | K15: No | N15: =IF(OR(ISBLANK(E15),AND(NOT(ISBLANK(E15)),ISBLANK(F15))),FALSE,ISNA(INDEX(Lookups!$A$2:'Lookups'!$D$200, MATCH(F15, INDEX(Lookups!$A$2:'Lookups'!$D$200, , MATCH(IF(E15="Replatform","Replatform/Refactor",IF(E15="Rearchitect","Re-Architect",E15)),Lookups!$A$1:'Lookups'!$D$1, 0)), 0), MATCH(IF(E15="Replatform","Replatform/Refactor",IF(E15="Rearchitect","Re-Architect",E15)), Lookups!$A$1:'Lookups'!$D$1, 0))))
A16: VM_100 | B16: In Scope | C16: SCCM | D16: Prod | E16: Rehost | F16: Azure VM (IaaS) | H16: On | I16: Red Hat Enterprise Linux Server | J16: HQ | K16: No | N16: =IF(OR(ISBLANK(E16),AND(NOT(ISBLANK(E16)),ISBLANK(F16))),FALSE,ISNA(INDEX(Lookups!$A$2:'Lookups'!$D$200, MATCH(F16, INDEX(Lookups!$A$2:'Lookups'!$D$200, , MATCH(IF(E16="Replatform","Replatform/Refactor",IF(E16="Rearchitect","Re-Architect",E16)),Lookups!$A$1:'Lookups'!$D$1, 0)), 0), MATCH(IF(E16="Replatform","Replatform/Refactor",IF(E16="Rearchitect","Re-Architect",E16)), Lookups!$A$1:'Lookups'!$D$1, 0))))
A17: VM_101 | B17: Out of Scope | C17: eCommerce | D17: UAT | H17: On | I17: Microsoft Windows Server 2016 or later (64-bit) | J17: HQ | K17: No | N17: =IF(OR(ISBLANK(E17),AND(NOT(ISBLANK(E17)),ISBLANK(F17))),FALSE,ISNA(INDEX(Lookups!$A$2:'Lookups'!$D$200, MATCH(F17, INDEX(Lookups!$A$2:'Lookups'!$D$200, , MATCH(IF(E17="Replatform","Replatform/Refactor",IF(E17="Rearchitect","Re-Architect",E17)),Lookups!$A$1:'Lookups'!$D$1, 0)), 0), MATCH(IF(E17="Replatform","Replatform/Refactor",IF(E17="Rearchitect","Re-Architect",E17)), Lookups!$A$1:'Lookups'!$D$1, 0))))
A18: VM_102 | B18: In Scope | C18: Active Batch | D18: Dev | E18: Rehost | F18: Azure VM (IaaS) | H18: On | I18: Red Hat Enterprise Linux Server | J18: HQ | K18: No | N18: =IF(OR(ISBLANK(E18),AND(NOT(ISBLANK(E18)),ISBLANK(F18))),FALSE,ISNA(INDEX(Lookups!$A$2:'Lookups'!$D$200, MATCH(F18, INDEX(Lookups!$A$2:'Lookups'!$D$200, , MATCH(IF(E18="Replatform","Replatform/Refactor",IF(E18="Rearchitect","Re-Architect",E18)),Lookups!$A$1:'Lookups'!$D$1, 0)), 0), MATCH(IF(E18="Replatform","Replatform/Refactor",IF(E18="Rearchitect","Re-Architect",E18)), Lookups!$A$1:'Lookups'!$D$1, 0))))
A19: VM_102 | B19: In Scope | C19: ELK | D19: Dev | E19: Rehost | F19: Azure VM (IaaS) | H19: On | I19: Red Hat Enterprise Linux Server | J19: HQ | K19: No | N19: =IF(OR(ISBLANK(E19),AND(NOT(ISBLANK(E19)),ISBLANK(F19))),FALSE,ISNA(INDEX(Lookups!$A$2:'Lookups'!$D$200, MATCH(F19, INDEX(Lookups!$A$2:'Lookups'!$D$200, , MATCH(IF(E19="Replatform","Replatform/Refactor",IF(E19="Rearchitect","Re-Architect",E19)),Lookups!$A$1:'Lookups'!$D$1, 0)), 0), MATCH(IF(E19="Replatform","Replatform/Refactor",IF(E19="Rearchitect","Re-Architect",E19)), Lookups!$A$1:'Lookups'!$D$1, 0))))
A20: VM_103 | B20: Out of Scope | C20: ELK | D20: Dev | H20: On | I20: Red Hat Enterprise Linux Server | J20: HQ | K20: No | N20: =IF(OR(ISBLANK(E20),AND(NOT(ISBLANK(E20)),ISBLANK(F20))),FALSE,ISNA(INDEX(Lookups!$A$2:'Lookups'!$D$200, MATCH(F20, INDEX(Lookups!$A$2:'Lookups'!$D$200, , MATCH(IF(E20="Replatform","Replatform/Refactor",IF(E20="Rearchitect","Re-Architect",E20)),Lookups!$A$1:'Lookups'!$D$1, 0)), 0), MATCH(IF(E20="Replatform","Replatform/Refactor",IF(E20="Rearchitect","Re-Architect",E20)), Lookups!$A$1:'Lookups'!$D$1, 0))))
A21: VM_104 | B21: In Scope | C21: FFA | D21: Dev | E21: Rehost | F21: Azure VM (IaaS) | H21: On | I21: Red Hat Enterprise Linux Server | J21: HQ | K21: No | N21: =IF(OR(ISBLANK(E21),AND(NOT(ISBLANK(E21)),ISBLANK(F21))),FALSE,ISNA(INDEX(Lookups!$A$2:'Lookups'!$D$200, MATCH(F21, INDEX(Lookups!$A$2:'Lookups'!$D$200, , MATCH(IF(E21="Replatform","Replatform/Refactor",IF(E21="Rearchitect","Re-Architect",E21)),Lookups!$A$1:'Lookups'!$D$1, 0)), 0), MATCH(IF(E21="Replatform","Replatform/Refactor",IF(E21="Rearchitect","Re-Architect",E21)), Lookups!$A$1:'Lookups'!$D$1, 0))))
A22: VM_105 | B22: In Scope | C22: Unassociated Servers | D22: Unknown | E22: Rehost | F22: Azure VM (IaaS) | H22: On | I22: CentOS 7 (64-bit) | J22: HQ | K22: No | N22: =IF(OR(ISBLANK(E22),AND(NOT(ISBLANK(E22)),ISBLANK(F22))),FALSE,ISNA(INDEX(Lookups!$A$2:'Lookups'!$D$200, MATCH(F22, INDEX(Lookups!$A$2:'Lookups'!$D$200, , MATCH(IF(E22="Replatform","Replatform/Refactor",IF(E22="Rearchitect","Re-Architect",E22)),Lookups!$A$1:'Lookups'!$D$1, 0)), 0), MATCH(IF(E22="Replatform","Replatform/Refactor",IF(E22="Rearchitect","Re-Architect",E22)), Lookups!$A$1:'Lookups'!$D$1, 0))))
A23: VM_106 | B23: In Scope | C23: DotNetApp | D23: Dev | E23: Replace | F23: Azure Container Apps | H23: On | I23: Microsoft Windows Server 2016 or later (64-bit) | J23: HQ | K23: No | L23: SIT Web (.Net) | N23: =IF(OR(ISBLANK(E23),AND(NOT(ISBLANK(E23)),ISBLANK(F23))),FALSE,ISNA(INDEX(Lookups!$A$2:'Lookups'!$D$200, MATCH(F23, INDEX(Lookups!$A$2:'Lookups'!$D$200, , MATCH(IF(E23="Replatform","Replatform/Refactor",IF(E23="Rearchitect","Re-Architect",E23)),Lookups!$A$1:'Lookups'!$D$1, 0)), 0), MATCH(IF(E23="Replatform","Replatform/Refactor",IF(E23="Rearchitect","Re-Architect",E23)), Lookups!$A$1:'Lookups'!$D$1, 0))))
A24: VM_107 | B24: In Scope | C24: OLTC | D24: Dev | E24: Rehost | F24: Azure VM (IaaS) | H24: On | I24: Red Hat Enterprise Linux Server | J24: HQ | K24: No | N24: =IF(OR(ISBLANK(E24),AND(NOT(ISBLANK(E24)),ISBLANK(F24))),FALSE,ISNA(INDEX(Lookups!$A$2:'Lookups'!$D$200, MATCH(F24, INDEX(Lookups!$A$2:'Lookups'!$D$200, , MATCH(IF(E24="Replatform","Replatform/Refactor",IF(E24="Rearchitect","Re-Architect",E24)),Lookups!$A$1:'Lookups'!$D$1, 0)), 0), MATCH(IF(E24="Replatform","Replatform/Refactor",IF(E24="Rearchitect","Re-Architect",E24)), Lookups!$A$1:'Lookups'!$D$1, 0))))
A25: VM_107 | B25: In Scope | C25: OLTC | D25: Dev | E25: Rehost | F25: Azure VM (IaaS) | H25: On | I25: Red Hat Enterprise Linux Server | J25: HQ | K25: No | N25: =IF(OR(ISBLANK(E25),AND(NOT(ISBLANK(E25)),ISBLANK(F25))),FALSE,ISNA(INDEX(Lookups!$A$2:'Lookups'!$D$200, MATCH(F25, INDEX(Lookups!$A$2:'Lookups'!$D$200, , MATCH(IF(E25="Replatform","Replatform/Refactor",IF(E25="Rearchitect","Re-Architect",E25)),Lookups!$A$1:'Lookups'!$D$1, 0)), 0), MATCH(IF(E25="Replatform","Replatform/Refactor",IF(E25="Rearchitect","Re-Architect",E25)), Lookups!$A$1:'Lookups'!$D$1, 0))))
A26: VM_108 | B26: In Scope | C26: PaymentHub | D26: Dev | E26: Rehost | F26: Azure VM (IaaS) | H26: On | I26: Red Hat Enterprise Linux Server | J26: HQ | K26: No | N26: =IF(OR(ISBLANK(E26),AND(NOT(ISBLANK(E26)),ISBLANK(F26))),FALSE,ISNA(INDEX(Lookups!$A$2:'Lookups'!$D$200, MATCH(F26, INDEX(Lookups!$A$2:'Lookups'!$D$200, , MATCH(IF(E26="Replatform","Replatform/Refactor",IF(E26="Rearchitect","Re-Architect",E26)),Lookups!$A$1:'Lookups'!$D$1, 0)), 0), MATCH(IF(E26="Replatform","Replatform/Refactor",IF(E26="Rearchitect","Re-Architect",E26)), Lookups!$A$1:'Lookups'!$D$1, 0))))
A27: VM_109 | B27: In Scope | C27: PeopleSoft | D27: Dev | E27: Replace | F27: Azure Container Apps | H27: On | I27: Microsoft Windows Server 2016 or later (64-bit) | J27: HQ | K27: No | N27: =IF(OR(ISBLANK(E27),AND(NOT(ISBLANK(E27)),ISBLANK(F27))),FALSE,ISNA(INDEX(Lookups!$A$2:'Lookups'!$D$200, MATCH(F27, INDEX(Lookups!$A$2:'Lookups'!$D$200, , MATCH(IF(E27="Replatform","Replatform/Refactor",IF(E27="Rearchitect","Re-Architect",E27)),Lookups!$A$1:'Lookups'!$D$1, 0)), 0), MATCH(IF(E27="Replatform","Replatform/Refactor",IF(E27="Rearchitect","Re-Architect",E27)), Lookups!$A$1:'Lookups'!$D$1, 0))))
A28: VM_11 | B28: In Scope | C28: DMS | D28: Dev | E28: Rehost | F28: Azure VM (IaaS) | H28: On | I28: Red Hat Enterprise Linux Server | J28: HQ | K28: No | N28: =IF(OR(ISBLANK(E28),AND(NOT(ISBLANK(E28)),ISBLANK(F28))),FALSE,ISNA(INDEX(Lookups!$A$2:'Lookups'!$D$200, MATCH(F28, INDEX(Lookups!$A$2:'Lookups'!$D$200, , MATCH(IF(E28="Replatform","Replatform/Refactor",IF(E28="Rearchitect","Re-Architect",E28)),Lookups!$A$1:'Lookups'!$D$1, 0)), 0), MATCH(IF(E28="Replatform","Replatform/Refactor",IF(E28="Rearchitect","Re-Architect",E28)), Lookups!$A$1:'Lookups'!$D$1, 0))))
A29: VM_110 | B29: In Scope | C29: Unassociated Servers | D29: Unknown | E29: Rehost | F29: Azure VM (IaaS) | H29: Off | I29: Microsoft Windows Server 2012 (64-bit) | J29: HQ | K29: No | L29: SSIS Job Server and RS CAT. Use 10.22.1.209 SSIS 2012 Job server. To convert SQL edition (SIT Reporting Server) | N29: =IF(OR(ISBLANK(E29),AND(NOT(ISBLANK(E29)),ISBLANK(F29))),FALSE,ISNA(INDEX(Lookups!$A$2:'Lookups'!$D$200, MATCH(F29, INDEX(Lookups!$A$2:'Lookups'!$D$200, , MATCH(IF(E29="Replatform","Replatform/Refactor",IF(E29="Rearchitect","Re-Architect",E29)),Lookups!$A$1:'Lookups'!$D$1, 0)), 0), MATCH(IF(E29="Replatform","Replatform/Refactor",IF(E29="Rearchitect","Re-Architect",E29)), Lookups!$A$1:'Lookups'!$D$1, 0))))
A30: VM_111 | B30: In Scope | C30: Unassociated Servers | D30: Unknown | E30: Rehost | F30: Azure VM (IaaS) | H30: On | I30: CentOS 7 (64-bit) | J30: HQ | K30: No | N30: =IF(OR(ISBLANK(E30),AND(NOT(ISBLANK(E30)),ISBLANK(F30))),FALSE,ISNA(INDEX(Lookups!$A$2:'Lookups'!$D$200, MATCH(F30, INDEX(Lookups!$A$2:'Lookups'!$D$200, , MATCH(IF(E30="Replatform","Replatform/Refactor",IF(E30="Rearchitect","Re-Architect",E30)),Lookups!$A$1:'Lookups'!$D$1, 0)), 0), MATCH(IF(E30="Replatform","Replatform/Refactor",IF(E30="Rearchitect","Re-Architect",E30)), Lookups!$A$1:'Lookups'!$D$1, 0))))
A31: VM_112 | B31: In Scope | C31: Potential_App_015 | D31: TBA | E31: Rehost | F31: Azure VM (IaaS) | H31: On | I31: Other 3.x Linux (64-bit) | J31: HQ | K31: No | L31: Proofpoint Enterprise Protection | N31: =IF(OR(ISBLANK(E31),AND(NOT(ISBLANK(E31)),ISBLANK(F31))),FALSE,ISNA(INDEX(Lookups!$A$2:'Lookups'!$D$200, MATCH(F31, INDEX(Lookups!$A$2:'Lookups'!$D$200, , MATCH(IF(E31="Replatform","Replatform/Refactor",IF(E31="Rearchitect","Re-Architect",E31)),Lookups!$A$1:'Lookups'!$D$1, 0)), 0), MATCH(IF(E31="Replatform","Replatform/Refactor",IF(E31="Rearchitect","Re-Architect",E31)), Lookups!$A$1:'Lookups'!$D$1, 0))))
A32: VM_113 | B32: In Scope | C32: Potential_App_015 | D32: TBA | E32: Rehost | F32: Azure VM (IaaS) | H32: On | I32: Other 3.x Linux (64-bit) | J32: HQ | K32: No | L32: Proofpoint Enterprise Protection | N32: =IF(OR(ISBLANK(E32),AND(NOT(ISBLANK(E32)),ISBLANK(F32))),FALSE,ISNA(INDEX(Lookups!$A$2:'Lookups'!$D$200, MATCH(F32, INDEX(Lookups!$A$2:'Lookups'!$D$200, , MATCH(IF(E32="Replatform","Replatform/Refactor",IF(E32="Rearchitect","Re-Architect",E32)),Lookups!$A$1:'Lookups'!$D$1, 0)), 0), MATCH(IF(E32="Replatform","Replatform/Refactor",IF(E32="Rearchitect","Re-Architect",E32)), Lookups!$A$1:'Lookups'!$D$1, 0))))
A33: VM_114 | B33: In Scope | C33: Potential_App_015 | D33: TBA | E33: Rehost | F33: Azure VM (IaaS) | H33: On | I33: Other 3.x Linux (64-bit) | J33: HQ | K33: No | L33: Proofpoint Enterprise Protection | N33: =IF(OR(ISBLANK(E33),AND(NOT(ISBLANK(E33)),ISBLANK(F33))),FALSE,ISNA(INDEX(Lookups!$A$2:'Lookups'!$D$200, MATCH(F33, INDEX(Lookups!$A$2:'Lookups'!$D$200, , MATCH(IF(E33="Replatform","Replatform/Refactor",IF(E33="Rearchitect","Re-Architect",E33)),Lookups!$A$1:'Lookups'!$D$1, 0)), 0), MATCH(IF(E33="Replatform","Replatform/Refactor",IF(E33="Rearchitect","Re-Architect",E33)), Lookups!$A$1:'Lookups'!$D$1, 0))))
A34: VM_115 | B34: In Scope | C34: Potential_App_015 | D34: TBA | E34: Rehost | F34: Azure VM (IaaS) | H34: On | I34: Other 3.x Linux (64-bit) | J34: HQ | K34: No | L34: Proofpoint Enterprise Protection | N34: =IF(OR(ISBLANK(E34),AND(NOT(ISBLANK(E34)),ISBLANK(F34))),FALSE,ISNA(INDEX(Lookups!$A$2:'Lookups'!$D$200, MATCH(F34, INDEX(Lookups!$A$2:'Lookups'!$D$200, , MATCH(IF(E34="Replatform","Replatform/Refactor",IF(E34="Rearchitect","Re-Architect",E34)),Lookups!$A$1:'Lookups'!$D$1, 0)), 0), MATCH(IF(E34="Replatform","Replatform/Refactor",IF(E34="Rearchitect","Re-Architect",E34)), Lookups!$A$1:'Lookups'!$D$1, 0))))
A35: VM_116 | B35: In Scope | C35: Potential_App_015 | D35: TBA | E35: Rehost | F35: Azure VM (IaaS) | H35: On | I35: Other 3.x Linux (64-bit) | J35: HQ | K35: No | L35: Proofpoint Enterprise Protection | N35: =IF(OR(ISBLANK(E35),AND(NOT(ISBLANK(E35)),ISBLANK(F35))),FALSE,ISNA(INDEX(Lookups!$A$2:'Lookups'!$D$200, MATCH(F35, INDEX(Lookups!$A$2:'Lookups'!$D$200, , MATCH(IF(E35="Replatform","Replatform/Refactor",IF(E35="Rearchitect","Re-Architect",E35)),Lookups!$A$1:'Lookups'!$D$1, 0)), 0), MATCH(IF(E35="Replatform","Replatform/Refactor",IF(E35="Rearchitect","Re-Architect",E35)), Lookups!$A$1:'Lookups'!$D$1, 0))))
A36: VM_117 | B36: In Scope | C36: Potential_App_015 | D36: TBA | E36: Rehost | F36: Azure VM (IaaS) | H36: On | I36: Other 3.x Linux (64-bit) | J36: HQ | K36: No | L36: Proofpoint Enterprise Protection | N36: =IF(OR(ISBLANK(E36),AND(NOT(ISBLANK(E36)),ISBLANK(F36))),FALSE,ISNA(INDEX(Lookups!$A$2:'Lookups'!$D$200, MATCH(F36, INDEX(Lookups!$A$2:'Lookups'!$D$200, , MATCH(IF(E36="Replatform","Replatform/Refactor",IF(E36="Rearchitect","Re-Architect",E36)),Lookups!$A$1:'Lookups'!$D$1, 0)), 0), MATCH(IF(E36="Replatform","Replatform/Refactor",IF(E36="Rearchitect","Re-Architect",E36)), Lookups!$A$1:'Lookups'!$D$1, 0))))
A37: VM_118 | B37: In Scope | C37: Potential_App_015 | D37: TBA | E37: Rehost | F37: Azure VM (IaaS) | H37: On | I37: Other 3.x Linux (64-bit) | J37: HQ | K37: No | L37: Proofpoint Enterprise Protection | N37: =IF(OR(ISBLANK(E37),AND(NOT(ISBLANK(E37)),ISBLANK(F37))),FALSE,ISNA(INDEX(Lookups!$A$2:'Lookups'!$D$200, MATCH(F37, INDEX(Lookups!$A$2:'Lookups'!$D$200, , MATCH(IF(E37="Replatform","Replatform/Refactor",IF(E37="Rearchitect","Re-Architect",E37)),Lookups!$A$1:'Lookups'!$D$1, 0)), 0), MATCH(IF(E37="Replatform","Replatform/Refactor",IF(E37="Rearchitect","Re-Architect",E37)), Lookups!$A$1:'Lookups'!$D$1, 0))))
A38: VM_119 | B38: In Scope | C38: Potential_App_015 | D38: TBA | E38: Rehost | F38: Azure VM (IaaS) | H38: On | I38: Other 3.x Linux (64-bit) | J38: HQ | K38: No | L38: Proofpoint Enterprise Protection | N38: =IF(OR(ISBLANK(E38),AND(NOT(ISBLANK(E38)),ISBLANK(F38))),FALSE,ISNA(INDEX(Lookups!$A$2:'Lookups'!$D$200, MATCH(F38, INDEX(Lookups!$A$2:'Lookups'!$D$200, , MATCH(IF(E38="Replatform","Replatform/Refactor",IF(E38="Rearchitect","Re-Architect",E38)),Lookups!$A$1:'Lookups'!$D$1, 0)), 0), MATCH(IF(E38="Replatform","Replatform/Refactor",IF(E38="Rearchitect","Re-Architect",E38)), Lookups!$A$1:'Lookups'!$D$1, 0))))
A39: VM_12 | B39: In Scope | C39: DMS | D39: Dev | E39: Retire | H39: On | I39: Red Hat Enterprise Linux Server | J39: HQ | K39: No | N39: =IF(OR(ISBLANK(E39),AND(NOT(ISBLANK(E39)),ISBLANK(F39))),FALSE,ISNA(INDEX(Lookups!$A$2:'Lookups'!$D$200, MATCH(F39, INDEX(Lookups!$A$2:'Lookups'!$D$200, , MATCH(IF(E39="Replatform","Replatform/Refactor",IF(E39="Rearchitect","Re-Architect",E39)),Lookups!$A$1:'Lookups'!$D$1, 0)), 0), MATCH(IF(E39="Replatform","Replatform/Refactor",IF(E39="Rearchitect","Re-Architect",E39)), Lookups!$A$1:'Lookups'!$D$1, 0))))
A40: VM_120 | B40: In Scope | C40: SharePoint | D40: Dev | E40: Rehost | F40: Azure VM (IaaS) | H40: On | I40: Microsoft Windows Server 2012 (64-bit) | J40: HQ | K40: No | N40: =IF(OR(ISBLANK(E40),AND(NOT(ISBLANK(E40)),ISBLANK(F40))),FALSE,ISNA(INDEX(Lookups!$A$2:'Lookups'!$D$200, MATCH(F40, INDEX(Lookups!$A$2:'Lookups'!$D$200, , MATCH(IF(E40="Replatform","Replatform/Refactor",IF(E40="Rearchitect","Re-Architect",E40)),Lookups!$A$1:'Lookups'!$D$1, 0)), 0), MATCH(IF(E40="Replatform","Replatform/Refactor",IF(E40="Rearchitect","Re-Architect",E40)), Lookups!$A$1:'Lookups'!$D$1, 0))))
A41: VM_121 | B41: In Scope | C41: Unassociated Servers | D41: Unknown | E41: Rehost | F41: Azure VM (IaaS) | H41: On | I41: CentOS 7 (64-bit) | J41: HQ | K41: No | L41: BIG-IP Local Traffic Manager Virtual Edition Copyright 2009-2016 F5 Networks (http://www.f5.com) For support please visit http://support.f5.com | N41: =IF(OR(ISBLANK(E41),AND(NOT(ISBLANK(E41)),ISBLANK(F41))),FALSE,ISNA(INDEX(Lookups!$A$2:'Lookups'!$D$200, MATCH(F41, INDEX(Lookups!$A$2:'Lookups'!$D$200, , MATCH(IF(E41="Replatform","Replatform/Refactor",IF(E41="Rearchitect","Re-Architect",E41)),Lookups!$A$1:'Lookups'!$D$1, 0)), 0), MATCH(IF(E41="Replatform","Replatform/Refactor",IF(E41="Rearchitect","Re-Architect",E41)), Lookups!$A$1:'Lookups'!$D$1, 0))))
A42: VM_122 | B42: In Scope | C42: Netbackup | D42: Prod | E42: Rehost | F42: Azure VM (IaaS) | H42: On | I42: Red Hat Enterprise Linux 7 (64-bit) | J42: BEDOK | K42: No | N42: =IF(OR(ISBLANK(E42),AND(NOT(ISBLANK(E42)),ISBLANK(F42))),FALSE,ISNA(INDEX(Lookups!$A$2:'Lookups'!$D$200, MATCH(F42, INDEX(Lookups!$A$2:'Lookups'!$D$200, , MATCH(IF(E42="Replatform","Replatform/Refactor",IF(E42="Rearchitect","Re-Architect",E42)),Lookups!$A$1:'Lookups'!$D$1, 0)), 0), MATCH(IF(E42="Replatform","Replatform/Refactor",IF(E42="Rearchitect","Re-Architect",E42)), Lookups!$A$1:'Lookups'!$D$1, 0))))
A43: VM_123 | B43: In Scope | C43: FileServer | D43: Prod | E43: Rehost | F43: Azure VM (IaaS) | H43: On | I43: Microsoft Windows Server 2016 or later (64-bit) | J43: HQ | K43: No | N43: =IF(OR(ISBLANK(E43),AND(NOT(ISBLANK(E43)),ISBLANK(F43))),FALSE,ISNA(INDEX(Lookups!$A$2:'Lookups'!$D$200, MATCH(F43, INDEX(Lookups!$A$2:'Lookups'!$D$200, , MATCH(IF(E43="Replatform","Replatform/Refactor",IF(E43="Rearchitect","Re-Architect",E43)),Lookups!$A$1:'Lookups'!$D$1, 0)), 0), MATCH(IF(E43="Replatform","Replatform/Refactor",IF(E43="Rearchitect","Re-Architect",E43)), Lookups!$A$1:'Lookups'!$D$1, 0))))
A44: VM_124 | B44: In Scope | C44: FileServer | D44: Prod | E44: Rehost | F44: Azure VM (IaaS) | H44: On | I44: Microsoft Windows Server 2016 Standard | J44: HQ | K44: No | N44: =IF(OR(ISBLANK(E44),AND(NOT(ISBLANK(E44)),ISBLANK(F44))),FALSE,ISNA(INDEX(Lookups!$A$2:'Lookups'!$D$200, MATCH(F44, INDEX(Lookups!$A$2:'Lookups'!$D$200, , MATCH(IF(E44="Replatform","Replatform/Refactor",IF(E44="Rearchitect","Re-Architect",E44)),Lookups!$A$1:'Lookups'!$D$1, 0)), 0), MATCH(IF(E44="Replatform","Replatform/Refactor",IF(E44="Rearchitect","Re-Architect",E44)), Lookups!$A$1:'Lookups'!$D$1, 0))))
A45: VM_125 | B45: Out of Scope | C45: Avaya | D45: Prod | H45: On | I45: Microsoft Windows Server 2016 or later (64-bit) | J45: HQ | K45: No | N45: =IF(OR(ISBLANK(E45),AND(NOT(ISBLANK(E45)),ISBLANK(F45))),FALSE,ISNA(INDEX(Lookups!$A$2:'Lookups'!$D$200, MATCH(F45, INDEX(Lookups!$A$2:'Lookups'!$D$200, , MATCH(IF(E45="Replatform","Replatform/Refactor",IF(E45="Rearchitect","Re-Architect",E45)),Lookups!$A$1:'Lookups'!$D$1, 0)), 0), MATCH(IF(E45="Replatform","Replatform/Refactor",IF(E45="Rearchitect","Re-Architect",E45)), Lookups!$A$1:'Lookups'!$D$1, 0))))
A46: VM_126 | B46: In Scope | C46: APM | D46: UAT | E46: Replace | H46: On | I46: Red Hat Enterprise Linux Server | J46: HQ | K46: No | N46: =IF(OR(ISBLANK(E46),AND(NOT(ISBLANK(E46)),ISBLANK(F46))),FALSE,ISNA(INDEX(Lookups!$A$2:'Lookups'!$D$200, MATCH(F46, INDEX(Lookups!$A$2:'Lookups'!$D$200, , MATCH(IF(E46="Replatform","Replatform/Refactor",IF(E46="Rearchitect","Re-Architect",E46)),Lookups!$A$1:'Lookups'!$D$1, 0)), 0), MATCH(IF(E46="Replatform","Replatform/Refactor",IF(E46="Rearchitect","Re-Architect",E46)), Lookups!$A$1:'Lookups'!$D$1, 0))))
A47: VM_127 | B47: In Scope | C47: Automation | D47: Prod | E47: Rehost | F47: Azure VM (IaaS) | H47: On | I47: Microsoft Windows Server 2012 (64-bit) | J47: HQ | K47: Yes | L47: PROD-Automation Server IT | N47: =IF(OR(ISBLANK(E47),AND(NOT(ISBLANK(E47)),ISBLANK(F47))),FALSE,ISNA(INDEX(Lookups!$A$2:'Lookups'!$D$200, MATCH(F47, INDEX(Lookups!$A$2:'Lookups'!$D$200, , MATCH(IF(E47="Replatform","Replatform/Refactor",IF(E47="Rearchitect","Re-Architect",E47)),Lookups!$A$1:'Lookups'!$D$1, 0)), 0), MATCH(IF(E47="Replatform","Replatform/Refactor",IF(E47="Rearchitect","Re-Architect",E47)), Lookups!$A$1:'Lookups'!$D$1, 0))))
A48: VM_128 | B48: Out of Scope | C48: Avaya | D48: Prod | H48: On | I48: Microsoft Windows Server 2016 or later (64-bit) | J48: HQ | K48: Yes | N48: =IF(OR(ISBLANK(E48),AND(NOT(ISBLANK(E48)),ISBLANK(F48))),FALSE,ISNA(INDEX(Lookups!$A$2:'Lookups'!$D$200, MATCH(F48, INDEX(Lookups!$A$2:'Lookups'!$D$200, , MATCH(IF(E48="Replatform","Replatform/Refactor",IF(E48="Rearchitect","Re-Architect",E48)),Lookups!$A$1:'Lookups'!$D$1, 0)), 0), MATCH(IF(E48="Replatform","Replatform/Refactor",IF(E48="Rearchitect","Re-Architect",E48)), Lookups!$A$1:'Lookups'!$D$1, 0))))
A49: VM_129 | B49: Out of Scope | C49: CA API Gateway | D49: DR | H49: On | I49: SUSE Linux Enterprise 11 (64-bit) | J49: HQ | K49: No | N49: =IF(OR(ISBLANK(E49),AND(NOT(ISBLANK(E49)),ISBLANK(F49))),FALSE,ISNA(INDEX(Lookups!$A$2:'Lookups'!$D$200, MATCH(F49, INDEX(Lookups!$A$2:'Lookups'!$D$200, , MATCH(IF(E49="Replatform","Replatform/Refactor",IF(E49="Rearchitect","Re-Architect",E49)),Lookups!$A$1:'Lookups'!$D$1, 0)), 0), MATCH(IF(E49="Replatform","Replatform/Refactor",IF(E49="Rearchitect","Re-Architect",E49)), Lookups!$A$1:'Lookups'!$D$1, 0))))
A50: VM_13 | B50: In Scope | C50: ELK | D50: Dev | E50: Rehost | F50: Azure VM (IaaS) | H50: On | I50: Red Hat Enterprise Linux Server | J50: HQ | K50: No | N50: =IF(OR(ISBLANK(E50),AND(NOT(ISBLANK(E50)),ISBLANK(F50))),FALSE,ISNA(INDEX(Lookups!$A$2:'Lookups'!$D$200, MATCH(F50, INDEX(Lookups!$A$2:'Lookups'!$D$200, , MATCH(IF(E50="Replatform","Replatform/Refactor",IF(E50="Rearchitect","Re-Architect",E50)),Lookups!$A$1:'Lookups'!$D$1, 0)), 0), MATCH(IF(E50="Replatform","Replatform/Refactor",IF(E50="Rearchitect","Re-Architect",E50)), Lookups!$A$1:'Lookups'!$D$1, 0))))
A51: VM_130 | B51: In Scope | C51: CRM | D51: Prod | E51: Rehost | F51: Azure VM (IaaS) | H51: On | I51: Microsoft Windows Server 2016 or later (64-bit) | J51: HQ | K51: No | N51: =IF(OR(ISBLANK(E51),AND(NOT(ISBLANK(E51)),ISBLANK(F51))),FALSE,ISNA(INDEX(Lookups!$A$2:'Lookups'!$D$200, MATCH(F51, INDEX(Lookups!$A$2:'Lookups'!$D$200, , MATCH(IF(E51="Replatform","Replatform/Refactor",IF(E51="Rearchitect","Re-Architect",E51)),Lookups!$A$1:'Lookups'!$D$1, 0)), 0), MATCH(IF(E51="Replatform","Replatform/Refactor",IF(E51="Rearchitect","Re-Architect",E51)), Lookups!$A$1:'Lookups'!$D$1, 0))))
A52: VM_131 | B52: In Scope | C52: CRM | D52: Prod | E52: Rehost | F52: Azure VM (IaaS) | H52: On | I52: Microsoft Windows Server 2016 or later (64-bit) | J52: HQ | K52: No | N52: =IF(OR(ISBLANK(E52),AND(NOT(ISBLANK(E52)),ISBLANK(F52))),FALSE,ISNA(INDEX(Lookups!$A$2:'Lookups'!$D$200, MATCH(F52, INDEX(Lookups!$A$2:'Lookups'!$D$200, , MATCH(IF(E52="Replatform","Replatform/Refactor",IF(E52="Rearchitect","Re-Architect",E52)),Lookups!$A$1:'Lookups'!$D$1, 0)), 0), MATCH(IF(E52="Replatform","Replatform/Refactor",IF(E52="Rearchitect","Re-Architect",E52)), Lookups!$A$1:'Lookups'!$D$1, 0))))
A53: VM_132 | B53: In Scope | C53: CRM | D53: Prod | E53: Rehost | F53: Azure VM (IaaS) | H53: On | I53: Microsoft Windows Server 2016 or later (64-bit) | J53: HQ | K53: No | N53: =IF(OR(ISBLANK(E53),AND(NOT(ISBLANK(E53)),ISBLANK(F53))),FALSE,ISNA(INDEX(Lookups!$A$2:'Lookups'!$D$200, MATCH(F53, INDEX(Lookups!$A$2:'Lookups'!$D$200, , MATCH(IF(E53="Replatform","Replatform/Refactor",IF(E53="Rearchitect","Re-Architect",E53)),Lookups!$A$1:'Lookups'!$D$1, 0)), 0), MATCH(IF(E53="Replatform","Replatform/Refactor",IF(E53="Rearchitect","Re-Architect",E53)), Lookups!$A$1:'Lookups'!$D$1, 0))))
A54: VM_133 | B54: In Scope | C54: CRM | D54: Prod | E54: Rehost | F54: Azure VM (IaaS) | H54: On | I54: Microsoft Windows Server 2016 or later (64-bit) | J54: HQ | K54: No | N54: =IF(OR(ISBLANK(E54),AND(NOT(ISBLANK(E54)),ISBLANK(F54))),FALSE,ISNA(INDEX(Lookups!$A$2:'Lookups'!$D$200, MATCH(F54, INDEX(Lookups!$A$2:'Lookups'!$D$200, , MATCH(IF(E54="Replatform","Replatform/Refactor",IF(E54="Rearchitect","Re-Architect",E54)),Lookups!$A$1:'Lookups'!$D$1, 0)), 0), MATCH(IF(E54="Replatform","Replatform/Refactor",IF(E54="Rearchitect","Re-Architect",E54)), Lookups!$A$1:'Lookups'!$D$1, 0))))
A55: VM_134 | B55: In Scope | C55: DoorAccess | D55: Prod | E55: Rehost | F55: Azure VM (IaaS) | H55: On | I55: Microsoft Windows Server 2016 or later (64-bit) | J55: HQ | K55: No | N55: =IF(OR(ISBLANK(E55),AND(NOT(ISBLANK(E55)),ISBLANK(F55))),FALSE,ISNA(INDEX(Lookups!$A$2:'Lookups'!$D$200, MATCH(F55, INDEX(Lookups!$A$2:'Lookups'!$D$200, , MATCH(IF(E55="Replatform","Replatform/Refactor",IF(E55="Rearchitect","Re-Architect",E55)),Lookups!$A$1:'Lookups'!$D$1, 0)), 0), MATCH(IF(E55="Replatform","Replatform/Refactor",IF(E55="Rearchitect","Re-Architect",E55)), Lookups!$A$1:'Lookups'!$D$1, 0))))
A56: VM_135 | B56: In Scope | C56: DC Door Access | D56: Prod | E56: Replace | F56: Azure Container Apps | H56: On | I56: Microsoft Windows Server 2016 or later (64-bit) | J56: HQ | K56: No | N56: =IF(OR(ISBLANK(E56),AND(NOT(ISBLANK(E56)),ISBLANK(F56))),FALSE,ISNA(INDEX(Lookups!$A$2:'Lookups'!$D$200, MATCH(F56, INDEX(Lookups!$A$2:'Lookups'!$D$200, , MATCH(IF(E56="Replatform","Replatform/Refactor",IF(E56="Rearchitect","Re-Architect",E56)),Lookups!$A$1:'Lookups'!$D$1, 0)), 0), MATCH(IF(E56="Replatform","Replatform/Refactor",IF(E56="Rearchitect","Re-Architect",E56)), Lookups!$A$1:'Lookups'!$D$1, 0))))
A57: VM_136 | B57: In Scope | C57: DC | D57: Prod | E57: Rehost | F57: Azure VM (IaaS) | H57: On | I57: Microsoft Windows Server 2012 (64-bit) | J57: HQ | K57: No | L57: O--Domain Controller | N57: =IF(OR(ISBLANK(E57),AND(NOT(ISBLANK(E57)),ISBLANK(F57))),FALSE,ISNA(INDEX(Lookups!$A$2:'Lookups'!$D$200, MATCH(F57, INDEX(Lookups!$A$2:'Lookups'!$D$200, , MATCH(IF(E57="Replatform","Replatform/Refactor",IF(E57="Rearchitect","Re-Architect",E57)),Lookups!$A$1:'Lookups'!$D$1, 0)), 0), MATCH(IF(E57="Replatform","Replatform/Refactor",IF(E57="Rearchitect","Re-Architect",E57)), Lookups!$A$1:'Lookups'!$D$1, 0))))
A58: VM_136 | B58: In Scope | C58: DC | D58: Prod | E58: Rehost | F58: Azure VM (IaaS) | H58: On | I58: Microsoft Windows Server 2012 (64-bit) | J58: HQ | K58: No | L58: O--Domain Controller | N58: =IF(OR(ISBLANK(E58),AND(NOT(ISBLANK(E58)),ISBLANK(F58))),FALSE,ISNA(INDEX(Lookups!$A$2:'Lookups'!$D$200, MATCH(F58, INDEX(Lookups!$A$2:'Lookups'!$D$200, , MATCH(IF(E58="Replatform","Replatform/Refactor",IF(E58="Rearchitect","Re-Architect",E58)),Lookups!$A$1:'Lookups'!$D$1, 0)), 0), MATCH(IF(E58="Replatform","Replatform/Refactor",IF(E58="Rearchitect","Re-Architect",E58)), Lookups!$A$1:'Lookups'!$D$1, 0))))
A59: VM_137 | B59: In Scope | C59: DC | D59: Prod | E59: Rehost | F59: Azure VM (IaaS) | H59: On | I59: Microsoft Windows Server 2012 (64-bit) | J59: HQ | K59: No | L59: O--Domain Controller | N59: =IF(OR(ISBLANK(E59),AND(NOT(ISBLANK(E59)),ISBLANK(F59))),FALSE,ISNA(INDEX(Lookups!$A$2:'Lookups'!$D$200, MATCH(F59, INDEX(Lookups!$A$2:'Lookups'!$D$200, , MATCH(IF(E59="Replatform","Replatform/Refactor",IF(E59="Rearchitect","Re-Architect",E59)),Lookups!$A$1:'Lookups'!$D$1, 0)), 0), MATCH(IF(E59="Replatform","Replatform/Refactor",IF(E59="Rearchitect","Re-Architect",E59)), Lookups!$A$1:'Lookups'!$D$1, 0))))
A60: VM_137 | B60: In Scope | C60: DC | D60: Prod | E60: Rehost | F60: Azure VM (IaaS) | H60: On | I60: Microsoft Windows Server 2012 (64-bit) | J60: HQ | K60: No | L60: O--Domain Controller | N60: =IF(OR(ISBLANK(E60),AND(NOT(ISBLANK(E60)),ISBLANK(F60))),FALSE,ISNA(INDEX(Lookups!$A$2:'Lookups'!$D$200, MATCH(F60, INDEX(Lookups!$A$2:'Lookups'!$D$200, , MATCH(IF(E60="Replatform","Replatform/Refactor",IF(E60="Rearchitect","Re-Architect",E60)),Lookups!$A$1:'Lookups'!$D$1, 0)), 0), MATCH(IF(E60="Replatform","Replatform/Refactor",IF(E60="Rearchitect","Re-Architect",E60)), Lookups!$A$1:'Lookups'!$D$1, 0))))
A61: VM_138 | B61: In Scope | C61: DC | D61: Prod | E61: Rehost | F61: Azure VM (IaaS) | H61: On | I61: Microsoft Windows Server 2019 Standard | J61: HQ | K61: No | N61: =IF(OR(ISBLANK(E61),AND(NOT(ISBLANK(E61)),ISBLANK(F61))),FALSE,ISNA(INDEX(Lookups!$A$2:'Lookups'!$D$200, MATCH(F61, INDEX(Lookups!$A$2:'Lookups'!$D$200, , MATCH(IF(E61="Replatform","Replatform/Refactor",IF(E61="Rearchitect","Re-Architect",E61)),Lookups!$A$1:'Lookups'!$D$1, 0)), 0), MATCH(IF(E61="Replatform","Replatform/Refactor",IF(E61="Rearchitect","Re-Architect",E61)), Lookups!$A$1:'Lookups'!$D$1, 0))))
A62: VM_138 | B62: In Scope | C62: DC | D62: Prod | E62: Rehost | F62: Azure VM (IaaS) | H62: On | I62: Microsoft Windows Server 2019 Standard | J62: HQ | K62: No | N62: =IF(OR(ISBLANK(E62),AND(NOT(ISBLANK(E62)),ISBLANK(F62))),FALSE,ISNA(INDEX(Lookups!$A$2:'Lookups'!$D$200, MATCH(F62, INDEX(Lookups!$A$2:'Lookups'!$D$200, , MATCH(IF(E62="Replatform","Replatform/Refactor",IF(E62="Rearchitect","Re-Architect",E62)),Lookups!$A$1:'Lookups'!$D$1, 0)), 0), MATCH(IF(E62="Replatform","Replatform/Refactor",IF(E62="Rearchitect","Re-Architect",E62)), Lookups!$A$1:'Lookups'!$D$1, 0))))
A63: VM_139 | B63: In Scope | C63: DHCP | D63: Prod | E63: Rehost | F63: Azure VM (IaaS) | H63: On | I63: Microsoft Windows Server 2012 (64-bit) | J63: HQ | K63: No | L63: O-DHCP Server | N63: =IF(OR(ISBLANK(E63),AND(NOT(ISBLANK(E63)),ISBLANK(F63))),FALSE,ISNA(INDEX(Lookups!$A$2:'Lookups'!$D$200, MATCH(F63, INDEX(Lookups!$A$2:'Lookups'!$D$200, , MATCH(IF(E63="Replatform","Replatform/Refactor",IF(E63="Rearchitect","Re-Architect",E63)),Lookups!$A$1:'Lookups'!$D$1, 0)), 0), MATCH(IF(E63="Replatform","Replatform/Refactor",IF(E63="Rearchitect","Re-Architect",E63)), Lookups!$A$1:'Lookups'!$D$1, 0))))
A64: VM_14 | B64: In Scope | C64: ELK | D64: Dev | E64: Rehost | F64: Azure VM (IaaS) | H64: On | I64: Microsoft Windows Server 2016 or later (64-bit) | J64: HQ | K64: No | N64: =IF(OR(ISBLANK(E64),AND(NOT(ISBLANK(E64)),ISBLANK(F64))),FALSE,ISNA(INDEX(Lookups!$A$2:'Lookups'!$D$200, MATCH(F64, INDEX(Lookups!$A$2:'Lookups'!$D$200, , MATCH(IF(E64="Replatform","Replatform/Refactor",IF(E64="Rearchitect","Re-Architect",E64)),Lookups!$A$1:'Lookups'!$D$1, 0)), 0), MATCH(IF(E64="Replatform","Replatform/Refactor",IF(E64="Rearchitect","Re-Architect",E64)), Lookups!$A$1:'Lookups'!$D$1, 0))))
A65: VM_140 | B65: In Scope | C65: Unassociated Servers | D65: Unknown | E65: Rehost | F65: Azure VM (IaaS) | H65: On | I65: CentOS 4/5 or later (64-bit) | J65: HQ | K65: No | N65: =IF(OR(ISBLANK(E65),AND(NOT(ISBLANK(E65)),ISBLANK(F65))),FALSE,ISNA(INDEX(Lookups!$A$2:'Lookups'!$D$200, MATCH(F65, INDEX(Lookups!$A$2:'Lookups'!$D$200, , MATCH(IF(E65="Replatform","Replatform/Refactor",IF(E65="Rearchitect","Re-Architect",E65)),Lookups!$A$1:'Lookups'!$D$1, 0)), 0), MATCH(IF(E65="Replatform","Replatform/Refactor",IF(E65="Rearchitect","Re-Architect",E65)), Lookups!$A$1:'Lookups'!$D$1, 0))))
A66: VM_141 | B66: In Scope | C66: Unassociated Servers | D66: Unknown | E66: Rehost | F66: Azure VM (IaaS) | H66: On | I66: CentOS 4/5 or later (64-bit) | J66: HQ | K66: No | N66: =IF(OR(ISBLANK(E66),AND(NOT(ISBLANK(E66)),ISBLANK(F66))),FALSE,ISNA(INDEX(Lookups!$A$2:'Lookups'!$D$200, MATCH(F66, INDEX(Lookups!$A$2:'Lookups'!$D$200, , MATCH(IF(E66="Replatform","Replatform/Refactor",IF(E66="Rearchitect","Re-Architect",E66)),Lookups!$A$1:'Lookups'!$D$1, 0)), 0), MATCH(IF(E66="Replatform","Replatform/Refactor",IF(E66="Rearchitect","Re-Architect",E66)), Lookups!$A$1:'Lookups'!$D$1, 0))))
A67: VM_142 | B67: In Scope | C67: Unassociated Servers | D67: Unknown | E67: Rehost | F67: Azure VM (IaaS) | H67: On | I67: CentOS 4/5 or later (64-bit) | J67: HQ | K67: No | N67: =IF(OR(ISBLANK(E67),AND(NOT(ISBLANK(E67)),ISBLANK(F67))),FALSE,ISNA(INDEX(Lookups!$A$2:'Lookups'!$D$200, MATCH(F67, INDEX(Lookups!$A$2:'Lookups'!$D$200, , MATCH(IF(E67="Replatform","Replatform/Refactor",IF(E67="Rearchitect","Re-Architect",E67)),Lookups!$A$1:'Lookups'!$D$1, 0)), 0), MATCH(IF(E67="Replatform","Replatform/Refactor",IF(E67="Rearchitect","Re-Architect",E67)), Lookups!$A$1:'Lookups'!$D$1, 0))))
A68: VM_143 | B68: In Scope | C68: DLP | D68: Prod | E68: Rehost | F68: Azure VM (IaaS) | H68: On | I68: Microsoft Windows Server 2012 R2 Standard | J68: HQ | K68: No | N68: =IF(OR(ISBLANK(E68),AND(NOT(ISBLANK(E68)),ISBLANK(F68))),FALSE,ISNA(INDEX(Lookups!$A$2:'Lookups'!$D$200, MATCH(F68, INDEX(Lookups!$A$2:'Lookups'!$D$200, , MATCH(IF(E68="Replatform","Replatform/Refactor",IF(E68="Rearchitect","Re-Architect",E68)),Lookups!$A$1:'Lookups'!$D$1, 0)), 0), MATCH(IF(E68="Replatform","Replatform/Refactor",IF(E68="Rearchitect","Re-Architect",E68)), Lookups!$A$1:'Lookups'!$D$1, 0))))
A69: VM_144 | B69: In Scope | C69: EG | D69: Prod | E69: Rehost | F69: Azure VM (IaaS) | H69: Off | I69: Microsoft Windows Server 2012 (64-bit) | J69: HQ | K69: No | L69: O-eG Monitoring | N69: =IF(OR(ISBLANK(E69),AND(NOT(ISBLANK(E69)),ISBLANK(F69))),FALSE,ISNA(INDEX(Lookups!$A$2:'Lookups'!$D$200, MATCH(F69, INDEX(Lookups!$A$2:'Lookups'!$D$200, , MATCH(IF(E69="Replatform","Replatform/Refactor",IF(E69="Rearchitect","Re-Architect",E69)),Lookups!$A$1:'Lookups'!$D$1, 0)), 0), MATCH(IF(E69="Replatform","Replatform/Refactor",IF(E69="Rearchitect","Re-Architect",E69)), Lookups!$A$1:'Lookups'!$D$1, 0))))
A70: VM_145 | B70: In Scope | C70: Prophet | D70: Prod | E70: Rehost | F70: Azure VM (IaaS) | H70: On | I70: Microsoft Windows Server 2016 Standard | J70: HQ | K70: No | N70: =IF(OR(ISBLANK(E70),AND(NOT(ISBLANK(E70)),ISBLANK(F70))),FALSE,ISNA(INDEX(Lookups!$A$2:'Lookups'!$D$200, MATCH(F70, INDEX(Lookups!$A$2:'Lookups'!$D$200, , MATCH(IF(E70="Replatform","Replatform/Refactor",IF(E70="Rearchitect","Re-Architect",E70)),Lookups!$A$1:'Lookups'!$D$1, 0)), 0), MATCH(IF(E70="Replatform","Replatform/Refactor",IF(E70="Rearchitect","Re-Architect",E70)), Lookups!$A$1:'Lookups'!$D$1, 0))))
A71: VM_145 | B71: In Scope | C71: Prophet | D71: Prod | E71: Rehost | F71: Azure VM (IaaS) | H71: On | I71: Microsoft Windows Server 2016 Standard | J71: HQ | K71: No | N71: =IF(OR(ISBLANK(E71),AND(NOT(ISBLANK(E71)),ISBLANK(F71))),FALSE,ISNA(INDEX(Lookups!$A$2:'Lookups'!$D$200, MATCH(F71, INDEX(Lookups!$A$2:'Lookups'!$D$200, , MATCH(IF(E71="Replatform","Replatform/Refactor",IF(E71="Rearchitect","Re-Architect",E71)),Lookups!$A$1:'Lookups'!$D$1, 0)), 0), MATCH(IF(E71="Replatform","Replatform/Refactor",IF(E71="Rearchitect","Re-Architect",E71)), Lookups!$A$1:'Lookups'!$D$1, 0))))
A72: VM_145 | B72: In Scope | C72: Prophet | D72: Prod | E72: Rehost | F72: Azure VM (IaaS) | H72: On | I72: Microsoft Windows Server 2016 Standard | J72: HQ | K72: No | N72: =IF(OR(ISBLANK(E72),AND(NOT(ISBLANK(E72)),ISBLANK(F72))),FALSE,ISNA(INDEX(Lookups!$A$2:'Lookups'!$D$200, MATCH(F72, INDEX(Lookups!$A$2:'Lookups'!$D$200, , MATCH(IF(E72="Replatform","Replatform/Refactor",IF(E72="Rearchitect","Re-Architect",E72)),Lookups!$A$1:'Lookups'!$D$1, 0)), 0), MATCH(IF(E72="Replatform","Replatform/Refactor",IF(E72="Rearchitect","Re-Architect",E72)), Lookups!$A$1:'Lookups'!$D$1, 0))))
A73: VM_146 | B73: Out of Scope | C73: RStudio | D73: TBA | H73: On | I73: Microsoft Windows Server 2016 or later (64-bit) | J73: HQ | K73: No | N73: =IF(OR(ISBLANK(E73),AND(NOT(ISBLANK(E73)),ISBLANK(F73))),FALSE,ISNA(INDEX(Lookups!$A$2:'Lookups'!$D$200, MATCH(F73, INDEX(Lookups!$A$2:'Lookups'!$D$200, , MATCH(IF(E73="Replatform","Replatform/Refactor",IF(E73="Rearchitect","Re-Architect",E73)),Lookups!$A$1:'Lookups'!$D$1, 0)), 0), MATCH(IF(E73="Replatform","Replatform/Refactor",IF(E73="Rearchitect","Re-Architect",E73)), Lookups!$A$1:'Lookups'!$D$1, 0))))
A74: VM_147 | B74: In Scope | C74: Unassociated Servers | D74: Unknown | E74: Rehost | F74: Azure VM (IaaS) | H74: Off | I74: Microsoft Windows Server 2012 (64-bit) | J74: HQ | K74: No | N74: =IF(OR(ISBLANK(E74),AND(NOT(ISBLANK(E74)),ISBLANK(F74))),FALSE,ISNA(INDEX(Lookups!$A$2:'Lookups'!$D$200, MATCH(F74, INDEX(Lookups!$A$2:'Lookups'!$D$200, , MATCH(IF(E74="Replatform","Replatform/Refactor",IF(E74="Rearchitect","Re-Architect",E74)),Lookups!$A$1:'Lookups'!$D$1, 0)), 0), MATCH(IF(E74="Replatform","Replatform/Refactor",IF(E74="Rearchitect","Re-Architect",E74)), Lookups!$A$1:'Lookups'!$D$1, 0))))
A75: VM_148 | B75: Out of Scope | C75: McAfee | D75: Prod | H75: On | I75: Microsoft Windows Server 2016 or later (64-bit) | J75: HQ | K75: No | N75: =IF(OR(ISBLANK(E75),AND(NOT(ISBLANK(E75)),ISBLANK(F75))),FALSE,ISNA(INDEX(Lookups!$A$2:'Lookups'!$D$200, MATCH(F75, INDEX(Lookups!$A$2:'Lookups'!$D$200, , MATCH(IF(E75="Replatform","Replatform/Refactor",IF(E75="Rearchitect","Re-Architect",E75)),Lookups!$A$1:'Lookups'!$D$1, 0)), 0), MATCH(IF(E75="Replatform","Replatform/Refactor",IF(E75="Rearchitect","Re-Architect",E75)), Lookups!$A$1:'Lookups'!$D$1, 0))))
A76: VM_149 | B76: In Scope | C76: Unassociated Servers | D76: Unknown | E76: Rehost | F76: Azure VM (IaaS) | H76: On | I76: Red Hat Fedora (64-bit) | J76: HQ | K76: No | N76: =IF(OR(ISBLANK(E76),AND(NOT(ISBLANK(E76)),ISBLANK(F76))),FALSE,ISNA(INDEX(Lookups!$A$2:'Lookups'!$D$200, MATCH(F76, INDEX(Lookups!$A$2:'Lookups'!$D$200, , MATCH(IF(E76="Replatform","Replatform/Refactor",IF(E76="Rearchitect","Re-Architect",E76)),Lookups!$A$1:'Lookups'!$D$1, 0)), 0), MATCH(IF(E76="Replatform","Replatform/Refactor",IF(E76="Rearchitect","Re-Architect",E76)), Lookups!$A$1:'Lookups'!$D$1, 0))))
A77: VM_15 | B77: In Scope | C77: eCommerce | D77: Dev | E77: Replace | F77: Azure Container Apps | H77: On | I77: Microsoft Windows Server 2016 or later (64-bit) | J77: HQ | K77: No | N77: =IF(OR(ISBLANK(E77),AND(NOT(ISBLANK(E77)),ISBLANK(F77))),FALSE,ISNA(INDEX(Lookups!$A$2:'Lookups'!$D$200, MATCH(F77, INDEX(Lookups!$A$2:'Lookups'!$D$200, , MATCH(IF(E77="Replatform","Replatform/Refactor",IF(E77="Rearchitect","Re-Architect",E77)),Lookups!$A$1:'Lookups'!$D$1, 0)), 0), MATCH(IF(E77="Replatform","Replatform/Refactor",IF(E77="Rearchitect","Re-Architect",E77)), Lookups!$A$1:'Lookups'!$D$1, 0))))
A78: VM_150 | B78: In Scope | C78: Unassociated Servers | D78: Unknown | E78: Rehost | F78: Azure VM (IaaS) | H78: On | I78: Red Hat Fedora (64-bit) | J78: HQ | K78: No | N78: =IF(OR(ISBLANK(E78),AND(NOT(ISBLANK(E78)),ISBLANK(F78))),FALSE,ISNA(INDEX(Lookups!$A$2:'Lookups'!$D$200, MATCH(F78, INDEX(Lookups!$A$2:'Lookups'!$D$200, , MATCH(IF(E78="Replatform","Replatform/Refactor",IF(E78="Rearchitect","Re-Architect",E78)),Lookups!$A$1:'Lookups'!$D$1, 0)), 0), MATCH(IF(E78="Replatform","Replatform/Refactor",IF(E78="Rearchitect","Re-Architect",E78)), Lookups!$A$1:'Lookups'!$D$1, 0))))
A79: VM_151 | B79: In Scope | C79: Unassociated Servers | D79: Unknown | E79: Rehost | F79: Azure VM (IaaS) | H79: On | I79: Red Hat Fedora (64-bit) | J79: HQ | K79: No | N79: =IF(OR(ISBLANK(E79),AND(NOT(ISBLANK(E79)),ISBLANK(F79))),FALSE,ISNA(INDEX(Lookups!$A$2:'Lookups'!$D$200, MATCH(F79, INDEX(Lookups!$A$2:'Lookups'!$D$200, , MATCH(IF(E79="Replatform","Replatform/Refactor",IF(E79="Rearchitect","Re-Architect",E79)),Lookups!$A$1:'Lookups'!$D$1, 0)), 0), MATCH(IF(E79="Replatform","Replatform/Refactor",IF(E79="Rearchitect","Re-Architect",E79)), Lookups!$A$1:'Lookups'!$D$1, 0))))
A80: VM_152 | B80: In Scope | C80: Unassociated Servers | D80: Unknown | E80: Rehost | F80: Azure VM (IaaS) | H80: On | I80: Red Hat Fedora (64-bit) | J80: HQ | K80: No | N80: =IF(OR(ISBLANK(E80),AND(NOT(ISBLANK(E80)),ISBLANK(F80))),FALSE,ISNA(INDEX(Lookups!$A$2:'Lookups'!$D$200, MATCH(F80, INDEX(Lookups!$A$2:'Lookups'!$D$200, , MATCH(IF(E80="Replatform","Replatform/Refactor",IF(E80="Rearchitect","Re-Architect",E80)),Lookups!$A$1:'Lookups'!$D$1, 0)), 0), MATCH(IF(E80="Replatform","Replatform/Refactor",IF(E80="Rearchitect","Re-Architect",E80)), Lookups!$A$1:'Lookups'!$D$1, 0))))
A81: VM_153 | B81: In Scope | C81: Unassociated Servers | D81: Unknown | E81: Rehost | F81: Azure VM (IaaS) | H81: On | I81: Microsoft Windows Server 2012 R2 Standard | J81: HQ | K81: No | L81: App - ActiveBatch | N81: =IF(OR(ISBLANK(E81),AND(NOT(ISBLANK(E81)),ISBLANK(F81))),FALSE,ISNA(INDEX(Lookups!$A$2:'Lookups'!$D$200, MATCH(F81, INDEX(Lookups!$A$2:'Lookups'!$D$200, , MATCH(IF(E81="Replatform","Replatform/Refactor",IF(E81="Rearchitect","Re-Architect",E81)),Lookups!$A$1:'Lookups'!$D$1, 0)), 0), MATCH(IF(E81="Replatform","Replatform/Refactor",IF(E81="Rearchitect","Re-Architect",E81)), Lookups!$A$1:'Lookups'!$D$1, 0))))
A82: VM_154 | B82: In Scope | C82: Konica | D82: Prod | E82: Replace | F82: Azure Universal Print Services | H82: On | I82: Microsoft Windows Server 2016 or later (64-bit) | J82: HQ | K82: No | N82: =IF(OR(ISBLANK(E82),AND(NOT(ISBLANK(E82)),ISBLANK(F82))),FALSE,ISNA(INDEX(Lookups!$A$2:'Lookups'!$D$200, MATCH(F82, INDEX(Lookups!$A$2:'Lookups'!$D$200, , MATCH(IF(E82="Replatform","Replatform/Refactor",IF(E82="Rearchitect","Re-Architect",E82)),Lookups!$A$1:'Lookups'!$D$1, 0)), 0), MATCH(IF(E82="Replatform","Replatform/Refactor",IF(E82="Rearchitect","Re-Architect",E82)), Lookups!$A$1:'Lookups'!$D$1, 0))))
A83: VM_155 | B83: In Scope | C83: Konica | D83: Prod | E83: Replace | F83: Azure Universal Print Services | H83: On | I83: Microsoft Windows Server 2016 or later (64-bit) | J83: HQ | K83: No | N83: =IF(OR(ISBLANK(E83),AND(NOT(ISBLANK(E83)),ISBLANK(F83))),FALSE,ISNA(INDEX(Lookups!$A$2:'Lookups'!$D$200, MATCH(F83, INDEX(Lookups!$A$2:'Lookups'!$D$200, , MATCH(IF(E83="Replatform","Replatform/Refactor",IF(E83="Rearchitect","Re-Architect",E83)),Lookups!$A$1:'Lookups'!$D$1, 0)), 0), MATCH(IF(E83="Replatform","Replatform/Refactor",IF(E83="Rearchitect","Re-Architect",E83)), Lookups!$A$1:'Lookups'!$D$1, 0))))
A84: VM_156 | B84: In Scope | C84: DocAve | D84: Prod | E84: Rehost | F84: Azure VM (IaaS) | H84: On | I84: Microsoft Windows 10 (64-bit) | J84: HQ | K84: No | N84: =IF(OR(ISBLANK(E84),AND(NOT(ISBLANK(E84)),ISBLANK(F84))),FALSE,ISNA(INDEX(Lookups!$A$2:'Lookups'!$D$200, MATCH(F84, INDEX(Lookups!$A$2:'Lookups'!$D$200, , MATCH(IF(E84="Replatform","Replatform/Refactor",IF(E84="Rearchitect","Re-Architect",E84)),Lookups!$A$1:'Lookups'!$D$1, 0)), 0), MATCH(IF(E84="Replatform","Replatform/Refactor",IF(E84="Rearchitect","Re-Architect",E84)), Lookups!$A$1:'Lookups'!$D$1, 0))))
A85: VM_157 | B85: In Scope | C85: Unassociated Servers | D85: Unknown | E85: Rehost | F85: Azure VM (IaaS) | H85: On | I85: Microsoft Windows Server 2016 or later (64-bit) | J85: HQ | K85: No | L85: O-SCCM App/DP | N85: =IF(OR(ISBLANK(E85),AND(NOT(ISBLANK(E85)),ISBLANK(F85))),FALSE,ISNA(INDEX(Lookups!$A$2:'Lookups'!$D$200, MATCH(F85, INDEX(Lookups!$A$2:'Lookups'!$D$200, , MATCH(IF(E85="Replatform","Replatform/Refactor",IF(E85="Rearchitect","Re-Architect",E85)),Lookups!$A$1:'Lookups'!$D$1, 0)), 0), MATCH(IF(E85="Replatform","Replatform/Refactor",IF(E85="Rearchitect","Re-Architect",E85)), Lookups!$A$1:'Lookups'!$D$1, 0))))
A86: VM_158 | B86: In Scope | C86: SEP | D86: Prod | E86: Rehost | F86: Azure VM (IaaS) | H86: On | I86: Microsoft Windows Server 2012 (64-bit) | J86: HQ | K86: No | L86: O- | N86: =IF(OR(ISBLANK(E86),AND(NOT(ISBLANK(E86)),ISBLANK(F86))),FALSE,ISNA(INDEX(Lookups!$A$2:'Lookups'!$D$200, MATCH(F86, INDEX(Lookups!$A$2:'Lookups'!$D$200, , MATCH(IF(E86="Replatform","Replatform/Refactor",IF(E86="Rearchitect","Re-Architect",E86)),Lookups!$A$1:'Lookups'!$D$1, 0)), 0), MATCH(IF(E86="Replatform","Replatform/Refactor",IF(E86="Rearchitect","Re-Architect",E86)), Lookups!$A$1:'Lookups'!$D$1, 0))))
A87: VM_158 | B87: In Scope | C87: SEP | D87: Prod | E87: Rehost | F87: Azure VM (IaaS) | H87: On | I87: Microsoft Windows Server 2012 (64-bit) | J87: HQ | K87: No | L87: O- | N87: =IF(OR(ISBLANK(E87),AND(NOT(ISBLANK(E87)),ISBLANK(F87))),FALSE,ISNA(INDEX(Lookups!$A$2:'Lookups'!$D$200, MATCH(F87, INDEX(Lookups!$A$2:'Lookups'!$D$200, , MATCH(IF(E87="Replatform","Replatform/Refactor",IF(E87="Rearchitect","Re-Architect",E87)),Lookups!$A$1:'Lookups'!$D$1, 0)), 0), MATCH(IF(E87="Replatform","Replatform/Refactor",IF(E87="Rearchitect","Re-Architect",E87)), Lookups!$A$1:'Lookups'!$D$1, 0))))
A88: VM_159 | B88: In Scope | C88: SEP | D88: Prod | E88: Rehost | F88: Azure VM (IaaS) | H88: On | I88: Microsoft Windows Server 2012 (64-bit) | J88: HQ | K88: No | N88: =IF(OR(ISBLANK(E88),AND(NOT(ISBLANK(E88)),ISBLANK(F88))),FALSE,ISNA(INDEX(Lookups!$A$2:'Lookups'!$D$200, MATCH(F88, INDEX(Lookups!$A$2:'Lookups'!$D$200, , MATCH(IF(E88="Replatform","Replatform/Refactor",IF(E88="Rearchitect","Re-Architect",E88)),Lookups!$A$1:'Lookups'!$D$1, 0)), 0), MATCH(IF(E88="Replatform","Replatform/Refactor",IF(E88="Rearchitect","Re-Architect",E88)), Lookups!$A$1:'Lookups'!$D$1, 0))))
A89: VM_159 | B89: In Scope | C89: SEP | D89: Prod | E89: Rehost | F89: Azure VM (IaaS) | H89: On | I89: Microsoft Windows Server 2012 (64-bit) | J89: HQ | K89: No | N89: =IF(OR(ISBLANK(E89),AND(NOT(ISBLANK(E89)),ISBLANK(F89))),FALSE,ISNA(INDEX(Lookups!$A$2:'Lookups'!$D$200, MATCH(F89, INDEX(Lookups!$A$2:'Lookups'!$D$200, , MATCH(IF(E89="Replatform","Replatform/Refactor",IF(E89="Rearchitect","Re-Architect",E89)),Lookups!$A$1:'Lookups'!$D$1, 0)), 0), MATCH(IF(E89="Replatform","Replatform/Refactor",IF(E89="Rearchitect","Re-Architect",E89)), Lookups!$A$1:'Lookups'!$D$1, 0))))
A90: VM_159 | B90: In Scope | C90: SEP | D90: Prod | E90: Rehost | F90: Azure VM (IaaS) | H90: On | I90: Microsoft Windows Server 2012 (64-bit) | J90: HQ | K90: No | N90: =IF(OR(ISBLANK(E90),AND(NOT(ISBLANK(E90)),ISBLANK(F90))),FALSE,ISNA(INDEX(Lookups!$A$2:'Lookups'!$D$200, MATCH(F90, INDEX(Lookups!$A$2:'Lookups'!$D$200, , MATCH(IF(E90="Replatform","Replatform/Refactor",IF(E90="Rearchitect","Re-Architect",E90)),Lookups!$A$1:'Lookups'!$D$1, 0)), 0), MATCH(IF(E90="Replatform","Replatform/Refactor",IF(E90="Rearchitect","Re-Architect",E90)), Lookups!$A$1:'Lookups'!$D$1, 0))))
A91: VM_16 | B91: In Scope | C91: Unassociated Servers | D91: Unknown | E91: Rehost | F91: Azure VM (IaaS) | H91: Off | I91: Microsoft Windows Server 2016 Standard | J91: HQ | K91: No | N91: =IF(OR(ISBLANK(E91),AND(NOT(ISBLANK(E91)),ISBLANK(F91))),FALSE,ISNA(INDEX(Lookups!$A$2:'Lookups'!$D$200, MATCH(F91, INDEX(Lookups!$A$2:'Lookups'!$D$200, , MATCH(IF(E91="Replatform","Replatform/Refactor",IF(E91="Rearchitect","Re-Architect",E91)),Lookups!$A$1:'Lookups'!$D$1, 0)), 0), MATCH(IF(E91="Replatform","Replatform/Refactor",IF(E91="Rearchitect","Re-Architect",E91)), Lookups!$A$1:'Lookups'!$D$1, 0))))
A92: VM_160 | B92: In Scope | C92: SYSLOG | D92: Prod | E92: Replace | F92: Azure Container Apps | H92: On | I92: Microsoft Windows Server 2012 (64-bit) | J92: HQ | K92: No | N92: =IF(OR(ISBLANK(E92),AND(NOT(ISBLANK(E92)),ISBLANK(F92))),FALSE,ISNA(INDEX(Lookups!$A$2:'Lookups'!$D$200, MATCH(F92, INDEX(Lookups!$A$2:'Lookups'!$D$200, , MATCH(IF(E92="Replatform","Replatform/Refactor",IF(E92="Rearchitect","Re-Architect",E92)),Lookups!$A$1:'Lookups'!$D$1, 0)), 0), MATCH(IF(E92="Replatform","Replatform/Refactor",IF(E92="Rearchitect","Re-Architect",E92)), Lookups!$A$1:'Lookups'!$D$1, 0))))
A93: VM_161 | B93: In Scope | C93: SYSLOG | D93: Prod | E93: Rehost | F93: Azure VM (IaaS) | H93: On | I93: Microsoft Windows Server 2012 (64-bit) | J93: HQ | K93: No | N93: =IF(OR(ISBLANK(E93),AND(NOT(ISBLANK(E93)),ISBLANK(F93))),FALSE,ISNA(INDEX(Lookups!$A$2:'Lookups'!$D$200, MATCH(F93, INDEX(Lookups!$A$2:'Lookups'!$D$200, , MATCH(IF(E93="Replatform","Replatform/Refactor",IF(E93="Rearchitect","Re-Architect",E93)),Lookups!$A$1:'Lookups'!$D$1, 0)), 0), MATCH(IF(E93="Replatform","Replatform/Refactor",IF(E93="Rearchitect","Re-Architect",E93)), Lookups!$A$1:'Lookups'!$D$1, 0))))
A94: VM_162 | B94: In Scope | C94: SolarWinds | D94: Prod | E94: Replace | F94: Azure Container Apps | H94: On | I94: Microsoft Windows Server 2012 (64-bit) | J94: HQ | K94: No | N94: =IF(OR(ISBLANK(E94),AND(NOT(ISBLANK(E94)),ISBLANK(F94))),FALSE,ISNA(INDEX(Lookups!$A$2:'Lookups'!$D$200, MATCH(F94, INDEX(Lookups!$A$2:'Lookups'!$D$200, , MATCH(IF(E94="Replatform","Replatform/Refactor",IF(E94="Rearchitect","Re-Architect",E94)),Lookups!$A$1:'Lookups'!$D$1, 0)), 0), MATCH(IF(E94="Replatform","Replatform/Refactor",IF(E94="Rearchitect","Re-Architect",E94)), Lookups!$A$1:'Lookups'!$D$1, 0))))
A95: VM_163 | B95: In Scope | C95: SolarWinds | D95: Prod | E95: Replace | F95: Azure Container Apps | H95: On | I95: Microsoft Windows Server 2012 (64-bit) | J95: HQ | K95: No | N95: =IF(OR(ISBLANK(E95),AND(NOT(ISBLANK(E95)),ISBLANK(F95))),FALSE,ISNA(INDEX(Lookups!$A$2:'Lookups'!$D$200, MATCH(F95, INDEX(Lookups!$A$2:'Lookups'!$D$200, , MATCH(IF(E95="Replatform","Replatform/Refactor",IF(E95="Rearchitect","Re-Architect",E95)),Lookups!$A$1:'Lookups'!$D$1, 0)), 0), MATCH(IF(E95="Replatform","Replatform/Refactor",IF(E95="Rearchitect","Re-Architect",E95)), Lookups!$A$1:'Lookups'!$D$1, 0))))
A96: VM_164 | B96: In Scope | C96: SolarWinds | D96: Prod | E96: Replace | F96: Azure Container Apps | H96: On | I96: Microsoft Windows Server 2016 or later (64-bit) | J96: HQ | K96: No | N96: =IF(OR(ISBLANK(E96),AND(NOT(ISBLANK(E96)),ISBLANK(F96))),FALSE,ISNA(INDEX(Lookups!$A$2:'Lookups'!$D$200, MATCH(F96, INDEX(Lookups!$A$2:'Lookups'!$D$200, , MATCH(IF(E96="Replatform","Replatform/Refactor",IF(E96="Rearchitect","Re-Architect",E96)),Lookups!$A$1:'Lookups'!$D$1, 0)), 0), MATCH(IF(E96="Replatform","Replatform/Refactor",IF(E96="Rearchitect","Re-Architect",E96)), Lookups!$A$1:'Lookups'!$D$1, 0))))
A97: VM_165 | B97: In Scope | C97: Serena | D97: Prod | E97: Rehost | F97: Azure VM (IaaS) | H97: On | I97: Microsoft Windows Server 2012 (64-bit) | J97: HQ | K97: No | L97: O-App - Serena SQL script server (ARA) | N97: =IF(OR(ISBLANK(E97),AND(NOT(ISBLANK(E97)),ISBLANK(F97))),FALSE,ISNA(INDEX(Lookups!$A$2:'Lookups'!$D$200, MATCH(F97, INDEX(Lookups!$A$2:'Lookups'!$D$200, , MATCH(IF(E97="Replatform","Replatform/Refactor",IF(E97="Rearchitect","Re-Architect",E97)),Lookups!$A$1:'Lookups'!$D$1, 0)), 0), MATCH(IF(E97="Replatform","Replatform/Refactor",IF(E97="Rearchitect","Re-Architect",E97)), Lookups!$A$1:'Lookups'!$D$1, 0))))
A98: VM_166 | B98: In Scope | C98: Potential_App_043 | D98: TBA | E98: Rehost | F98: Azure VM (IaaS) | H98: On | I98: VMware Photon OS (64-bit) | J98: HQ | K98: No | L98: VMware vCenter Server Appliance | N98: =IF(OR(ISBLANK(E98),AND(NOT(ISBLANK(E98)),ISBLANK(F98))),FALSE,ISNA(INDEX(Lookups!$A$2:'Lookups'!$D$200, MATCH(F98, INDEX(Lookups!$A$2:'Lookups'!$D$200, , MATCH(IF(E98="Replatform","Replatform/Refactor",IF(E98="Rearchitect","Re-Architect",E98)),Lookups!$A$1:'Lookups'!$D$1, 0)), 0), MATCH(IF(E98="Replatform","Replatform/Refactor",IF(E98="Rearchitect","Re-Architect",E98)), Lookups!$A$1:'Lookups'!$D$1, 0))))
A99: VM_167 | B99: In Scope | C99: Reporting | D99: Prod | E99: Rehost | F99: Azure VM (IaaS) | H99: On | I99: Microsoft Windows Server 2012 R2 Standard | J99: HQ | K99: Yes | N99: =IF(OR(ISBLANK(E99),AND(NOT(ISBLANK(E99)),ISBLANK(F99))),FALSE,ISNA(INDEX(Lookups!$A$2:'Lookups'!$D$200, MATCH(F99, INDEX(Lookups!$A$2:'Lookups'!$D$200, , MATCH(IF(E99="Replatform","Replatform/Refactor",IF(E99="Rearchitect","Re-Architect",E99)),Lookups!$A$1:'Lookups'!$D$1, 0)), 0), MATCH(IF(E99="Replatform","Replatform/Refactor",IF(E99="Rearchitect","Re-Architect",E99)), Lookups!$A$1:'Lookups'!$D$1, 0))))
A100: VM_167 | B100: In Scope | C100: Reporting | D100: Prod | E100: Rehost | F100: Azure VM (IaaS) | H100: On | I100: Microsoft Windows Server 2012 R2 Standard | J100: HQ | K100: Yes | N100: =IF(OR(ISBLANK(E100),AND(NOT(ISBLANK(E100)),ISBLANK(F100))),FALSE,ISNA(INDEX(Lookups!$A$2:'Lookups'!$D$200, MATCH(F100, INDEX(Lookups!$A$2:'Lookups'!$D$200, , MATCH(IF(E100="Replatform","Replatform/Refactor",IF(E100="Rearchitect","Re-Architect",E100)),Lookups!$A$1:'Lookups'!$D$1, 0)), 0), MATCH(IF(E100="Replatform","Replatform/Refactor",IF(E100="Rearchitect","Re-Architect",E100)), Lookups!$A$1:'Lookups'!$D$1, 0))))
...

Sheet Lookups
A1: Rehost | B1: Replatform/Refactor | C1: Replace | D1: Re-Architect | E1: Retain | F1: Retire | J1: DrMName | K1: ExcelName
A2: Azure VM (IaaS) | B2: Azure Analysis Services | C2: Apache Kafka on HDInsight | D2: Apache Kafka on HDInsight | J2: Rehost | K2: =J2
A3: AVS | B3: Azure API Management | C3: App Services | D3: App Services | J3: Replatform/Refactor | K3: Replatform
A4: Other | B4: Azure App Service | C4: Application Insights | D4: Application Insights | J4: Replace | K4: =J4
B5: Azure Automation | C5: ArcGIS SaaS | D5: ArcGIS SaaS | J5: Re-Architect | K5: Rearchitect
B6: Azure Cache for Redis | C6: Azure Active Directory | D6: Azure Active Directory | J6: Retain | K6: =J6
B7: Azure Cognitive Search | C7: Azure AD Connect | D7: Azure AD Connect | J7: Retire | K7: =J7
B8: Azure Container Instances | C8: Azure Analysis Services | D8: Azure Analysis Services
B9: Azure Container Registry | C9: Azure API Gateway | D9: Azure API Gateway
B10: Azure Cosmos DB | C10: Azure API Management | D10: Azure API Management
B11: Azure Data Factory | C11: Azure App Service | D11: Azure App Service
B12: Azure Database for MySQL | C12: Azure Application Gateway | D12: Azure Application Gateway
B13: Azure Database for PostgreSQL | C13: Azure Application Insights | D13: Azure Application Insights
B14: Azure Databricks | C14: Azure Arc | D14: Azure Arc
B15: Azure DevOps Wiki | C15: Azure Automation | D15: Azure Automation
B16: Azure Event Hubs | C16: Azure Automation DSC | D16: Azure Automation DSC
B17: Azure Files | C17: Azure Backup | D17: Azure Backup
B18: Azure Front Door | C18: Azure Bastion | D18: Azure Bastion
B19: Azure Functions | C19: Azure Batch | D19: Azure Batch
... B43: Other | C43: Azure Devops Boards | D43: Azure Devops Boards
C44: Azure DevOps Repos | D44: Azure DevOps Repos
C45: Azure DevOps Services | D45: Azure DevOps Services
C46: Azure Digital Twins | D46: Azure Digital Twins
C47: Azure Disk Encryption | D47: Azure Disk Encryption
C48: Azure Disk Management | D48: Azure Disk Management
C49: Azure Disk Storage | D49: Azure Disk Storage
C50: Azure DNS | D50: Azure DNS
C51: Azure Event Grid | D51: Azure Event Grid
C52: Azure File Storage | D52: Azure File Storage
C53: Azure File Sync | D53: Azure File Sync
C54: Azure Files | D54: Azure Files
C55: Azure Firewall | D55: Azure Firewall
... C189: Other | D189: Other
